/***********   Datos Seguridad  ***************/

DROP TABLE IF EXISTS USERS
DROP TABLE IF EXISTS GROUPS

CREATE TABLE IF NOT EXISTS USERS(USERNAME VARCHAR(64) PRIMARY KEY, PASSWORD VARCHAR(255))
CREATE TABLE IF NOT EXISTS GROUPS(USERNAME VARCHAR(64), GROUPNAME VARCHAR(64))

 INSERT INTO USERS VALUES('admin', 'administrator')
 INSERT INTO USERS VALUES('anibal', 'CARTAGO')
 INSERT INTO USERS VALUES('asdrubal', 'CARTAGO')
 INSERT INTO USERS VALUES('escipion', 'ROMA')
 INSERT INTO USERS VALUES('tiberio', 'ROMA')

 INSERT INTO GROUPS VALUES('admin', 'administrator')
 INSERT INTO GROUPS VALUES('anibal', 'CARTAGO')
 INSERT INTO GROUPS VALUES('asdrubal', 'CARTAGO')
 INSERT INTO GROUPS VALUES('escipion', 'ROMA')
 INSERT INTO GROUPS VALUES('tiberio', 'ROMA')

/***********   Datos Aplicacion  ***************/

DROP TABLE IF EXISTS LEGION;
DROP TABLE IF EXISTS COHORTE;
DROP TABLE IF EXISTS LEGADO;
DROP TABLE IF EXISTS LEGION_COHORTE;

CREATE TABLE IF NOT EXISTS LEGION (ID VARCHAR(10)  PRIMARY KEY, NOMBRE VARCHAR(255),IMPERIO VARCHAR(50));
CREATE TABLE IF NOT EXISTS COHORTE (ID VARCHAR(10)  PRIMARY KEY, TIPO VARCHAR(50));
CREATE TABLE IF NOT EXISTS LEGADO (ID VARCHAR(10)  PRIMARY KEY, NOMBRE VARCHAR(255), LEGION_ID VARCHAR(10));
CREATE TABLE IF NOT EXISTS LEGION_COHORTE (Legion_ID VARCHAR(10) NOT NULL , cohorte_ID VARCHAR NOT NULL);

ALTER TABLE LEGADO ADD CONSTRAINT FK_LEGADO_LEGION_ID FOREIGN KEY (LEGION_ID) REFERENCES LEGION (ID);
ALTER TABLE LEGION_COHORTE ADD CONSTRAINT FK_LEGION_COHORTE_Legion_ID FOREIGN KEY (Legion_ID) REFERENCES LEGION (ID);
ALTER TABLE LEGION_COHORTE ADD CONSTRAINT FK_LEGION_COHORTE_cohorte_ID FOREIGN KEY (cohorte_ID) REFERENCES COHORTE (ID);

 INSERT INTO LEGION VALUES('1', 'Septima','ROMA')
 INSERT INTO LEGADO VALUES('1', ' Quinto Varro', '1')
 INSERT INTO  COHORTE VALUES('1', 'INFANTERIA',)
 INSERT INTO  LEGION_COHORTE VALUES('1', '1',)

INSERT INTO LEGION VALUES('2', 'Decima','ROMA')
 INSERT INTO LEGADO VALUES('2', ' Septimo Severo', '2')
 INSERT INTO  COHORTE VALUES('2', 'INFANTERIA',)
 INSERT INTO  LEGION_COHORTE VALUES('2', '2',)


INSERT INTO LEGION VALUES('3', 'Octava','ROMA')
 INSERT INTO LEGADO VALUES('3', 'Lepido ', '3')
 INSERT INTO  COHORTE VALUES('3', 'CABALLERIA',)
 INSERT INTO  COHORTE VALUES('4', 'INFANTERIA',)
 INSERT INTO  COHORTE VALUES('5', 'ARTILLERIA',)
 INSERT INTO  LEGION_COHORTE VALUES('3', '3',)
 INSERT INTO  LEGION_COHORTE VALUES('3', '4',)
 INSERT INTO  LEGION_COHORTE VALUES('3', '5',)


 INSERT INTO LEGION VALUES('200', 'iberica','CARTAGO')
 INSERT INTO LEGADO VALUES('200', 'Maharbal', '200')
 INSERT INTO  COHORTE VALUES('200', 'CABALLERIA',)
 INSERT INTO  LEGION_COHORTE VALUES('200', '200',)


 INSERT INTO LEGION VALUES('201', 'Betica','CARTAGO')
 INSERT INTO LEGADO VALUES('201', 'Asdrubal', '201')
 INSERT INTO  COHORTE VALUES('201', 'CABALLERIA',)
 INSERT INTO  COHORTE VALUES('202', 'INFANTERIA',)
 INSERT INTO  LEGION_COHORTE VALUES('201', '201',)
 INSERT INTO  LEGION_COHORTE VALUES('201', '202',)

COMMIT ;